feature,mean_abs_shap
pKa,0.64787716
CHL_mol_pct,0.42668954
HL_mol_pct,0.34308618
PEG_mol_pct,0.32683977
PDI,0.29391494
Frac_sp3C,0.22408089
IL_mol_pct,0.096815236
EE_pct,0.07205731
Size_nm,0.048908386
MW,0.044052463
LogP,0.04385933
Zeta_mV,0.043555714
NP_ratio,0.043535873
TPSA,0.043186385
HBD,0.027766237
RotBonds,0.027670316
HBA,0.020450743
